,Unnamed: 0,Unnamed: 0.1,loan_status,Principal,terms,effective_date,due_date,age,education,Gender
318,371,371,COLLECTION,2652,30,9/11/2016,10/10/2016,18,college,male
210,245,245,PAIDOFF,1899,30,9/13/2016,10/12/2016,19,High School or Below,female
222,259,259,PAIDOFF,1680,30,9/13/2016,10/12/2016,19,High School or Below,male
101,122,122,PAIDOFF,1722,15,9/11/2016,10/25/2016,20,college,male
118,139,139,PAIDOFF,2777,30,9/11/2016,10/10/2016,20,High School or Below,male
172,204,204,PAIDOFF,2438,30,9/12/2016,10/11/2016,20,college,male
32,39,39,PAIDOFF,1853,30,9/11/2016,10/10/2016,21,Bechalor,male
45,54,54,PAIDOFF,2302,30,9/11/2016,10/10/2016,21,High School or Below,male
151,178,178,PAIDOFF,2570,30,9/12/2016,10/11/2016,21,High School or Below,male
165,194,194,PAIDOFF,811,15,9/12/2016,9/26/2016,21,college,male
283,332,332,COLLECTION,1838,30,9/11/2016,10/10/2016,21,High School or Below,male
39,46,46,PAIDOFF,2056,30,9/11/2016,10/10/2016,22,High School or Below,male
79,98,98,PAIDOFF,2341,30,9/11/2016,10/10/2016,22,High School or Below,male
100,121,121,PAIDOFF,2683,30,9/11/2016,10/10/2016,22,High School or Below,male
116,137,137,PAIDOFF,1505,15,9/11/2016,10/25/2016,22,college,male
216,253,253,PAIDOFF,2500,7,9/13/2016,9/19/2016,22,High School or Below,male
271,318,318,COLLECTION,1847,30,9/10/2016,10/9/2016,22,Bechalor,male
313,364,364,COLLECTION,2181,15,9/11/2016,9/25/2016,22,college,male
96,117,117,PAIDOFF,2259,30,9/11/2016,10/10/2016,23,High School or Below,male
102,123,123,PAIDOFF,921,15,9/11/2016,9/25/2016,23,college,male
127,151,151,PAIDOFF,1976,15,9/12/2016,9/26/2016,23,college,male
128,152,152,PAIDOFF,2142,15,9/12/2016,9/26/2016,23,college,female
176,208,208,PAIDOFF,1588,7,9/12/2016,9/18/2016,23,High School or Below,male
225,262,262,PAIDOFF,2715,30,9/13/2016,10/12/2016,23,college,female
288,337,337,COLLECTION,1602,30,9/11/2016,10/10/2016,23,High School or Below,male
294,343,343,COLLECTION,2497,30,9/11/2016,10/10/2016,23,High School or Below,male
37,44,44,PAIDOFF,2896,15,9/11/2016,9/25/2016,24,Bechalor,female
70,86,86,PAIDOFF,1214,30,9/11/2016,10/10/2016,24,High School or Below,female
98,119,119,PAIDOFF,2054,15,9/11/2016,9/25/2016,24,college,male
113,134,134,PAIDOFF,1802,15,9/11/2016,9/25/2016,24,college,male
135,160,160,PAIDOFF,1597,15,9/12/2016,9/26/2016,24,High School or Below,male
140,165,165,PAIDOFF,2332,30,9/12/2016,11/10/2016,24,High School or Below,male
146,173,173,PAIDOFF,2394,30,9/12/2016,10/11/2016,24,college,male
166,195,195,PAIDOFF,2327,30,9/12/2016,10/11/2016,24,college,male
229,267,267,PAIDOFF,2212,15,9/14/2016,9/28/2016,24,High School or Below,male
246,284,284,PAIDOFF,1298,15,9/14/2016,9/28/2016,24,Bechalor,male
263,304,304,COLLECTION,1837,15,9/9/2016,9/23/2016,24,Bechalor,male
268,314,314,COLLECTION,2517,30,9/10/2016,10/9/2016,24,college,male
272,319,319,COLLECTION,1042,15,9/10/2016,9/24/2016,24,Bechalor,male
317,368,368,COLLECTION,2690,30,9/11/2016,10/10/2016,24,college,male
19,22,22,PAIDOFF,3221,30,9/10/2016,10/9/2016,25,High School or Below,male
46,55,55,PAIDOFF,2332,15,9/11/2016,9/25/2016,25,college,male
62,74,74,PAIDOFF,2270,15,9/11/2016,9/25/2016,25,college,male
67,81,81,PAIDOFF,2356,7,9/11/2016,9/17/2016,25,college,male
94,115,115,PAIDOFF,2179,15,9/11/2016,9/25/2016,25,High School or Below,male
139,164,164,PAIDOFF,2067,15,9/12/2016,9/26/2016,25,High School or Below,male
148,175,175,PAIDOFF,2122,15,9/12/2016,9/26/2016,25,college,male
163,192,192,PAIDOFF,2773,15,9/12/2016,9/26/2016,25,High School or Below,female
193,226,226,PAIDOFF,2760,15,9/12/2016,9/26/2016,25,High School or Below,male
221,258,258,PAIDOFF,2160,7,9/13/2016,9/19/2016,25,college,male
273,320,320,COLLECTION,2044,30,9/10/2016,10/9/2016,25,college,male
292,341,341,COLLECTION,1900,30,9/11/2016,10/10/2016,25,college,male
300,351,351,COLLECTION,2368,15,9/11/2016,9/25/2016,25,college,male
319,372,372,COLLECTION,1564,15,9/11/2016,9/25/2016,25,High School or Below,male
327,380,380,COLLECTION,1739,30,9/11/2016,10/10/2016,25,High School or Below,male
342,395,395,COLLECTION,1614,30,9/11/2016,10/10/2016,25,High School or Below,male
7,9,9,PAIDOFF,2767,15,9/10/2016,9/24/2016,26,college,male
10,12,12,PAIDOFF,1721,30,9/10/2016,10/9/2016,26,college,male
11,13,13,PAIDOFF,3192,7,9/10/2016,9/16/2016,26,college,female
13,15,15,PAIDOFF,2569,15,9/10/2016,9/24/2016,26,college,male
17,19,19,PAIDOFF,1682,30,9/10/2016,10/9/2016,26,college,male
18,20,20,PAIDOFF,1531,30,9/10/2016,10/9/2016,26,college,male
20,23,23,PAIDOFF,2260,15,9/10/2016,9/24/2016,26,college,male
48,57,57,PAIDOFF,2785,30,9/11/2016,10/10/2016,26,Bechalor,male
104,125,125,PAIDOFF,1999,30,9/11/2016,10/10/2016,26,college,male
109,130,130,PAIDOFF,2142,15,9/11/2016,9/25/2016,26,High School or Below,male
111,132,132,PAIDOFF,1968,30,9/11/2016,10/10/2016,26,High School or Below,male
124,146,146,PAIDOFF,1597,30,9/11/2016,11/9/2016,26,college,female
125,148,148,PAIDOFF,2180,15,9/12/2016,9/26/2016,26,Bechalor,male
170,201,201,PAIDOFF,2371,30,9/12/2016,10/11/2016,26,High School or Below,female
173,205,205,PAIDOFF,1548,7,9/12/2016,9/18/2016,26,Bechalor,female
174,206,206,PAIDOFF,2727,30,9/12/2016,11/10/2016,26,college,male
192,225,225,PAIDOFF,2357,30,9/12/2016,10/11/2016,26,High School or Below,male
195,228,228,PAIDOFF,2129,15,9/12/2016,9/26/2016,26,High School or Below,male
196,229,229,PAIDOFF,1600,15,9/12/2016,9/26/2016,26,college,male
211,246,246,PAIDOFF,2741,15,9/13/2016,9/27/2016,26,college,male
299,350,350,COLLECTION,2558,30,9/11/2016,10/10/2016,26,High School or Below,male
306,357,357,COLLECTION,2588,30,9/11/2016,10/10/2016,26,Bechalor,male
311,362,362,COLLECTION,2437,30,9/11/2016,10/10/2016,26,High School or Below,male
312,363,363,COLLECTION,2397,15,9/11/2016,9/25/2016,26,college,male
322,375,375,COLLECTION,2087,15,9/11/2016,9/25/2016,26,High School or Below,female
330,383,383,COLLECTION,2615,30,9/11/2016,10/10/2016,26,High School or Below,male
332,385,385,COLLECTION,2939,30,9/11/2016,11/9/2016,26,High School or Below,male
340,393,393,COLLECTION,2023,30,9/11/2016,11/9/2016,26,college,male
345,399,399,COLLECTION,2695,30,9/12/2016,10/11/2016,26,college,male
2,3,3,PAIDOFF,2661,15,9/8/2016,9/22/2016,27,college,male
12,14,14,PAIDOFF,2962,7,9/10/2016,9/16/2016,27,High School or Below,male
28,32,32,PAIDOFF,2630,30,9/11/2016,10/10/2016,27,college,male
31,36,36,PAIDOFF,2593,30,9/11/2016,10/10/2016,27,High School or Below,male
47,56,56,PAIDOFF,2473,30,9/11/2016,10/10/2016,27,High School or Below,male
71,87,87,PAIDOFF,2589,30,9/11/2016,10/10/2016,27,college,female
75,93,93,PAIDOFF,2663,15,9/11/2016,9/25/2016,27,High School or Below,male
90,111,111,PAIDOFF,2662,30,9/11/2016,11/9/2016,27,college,female
91,112,112,PAIDOFF,1979,30,9/11/2016,10/10/2016,27,college,male
134,159,159,PAIDOFF,1819,30,9/12/2016,10/11/2016,27,High School or Below,male
138,163,163,PAIDOFF,1735,15,9/12/2016,9/26/2016,27,college,female
156,184,184,PAIDOFF,2643,30,9/12/2016,10/11/2016,27,High School or Below,male
164,193,193,PAIDOFF,1983,30,9/12/2016,10/11/2016,27,High School or Below,female
171,203,203,PAIDOFF,2531,15,9/12/2016,9/26/2016,27,college,male
175,207,207,PAIDOFF,2995,30,9/12/2016,10/11/2016,27,college,male
178,210,210,PAIDOFF,2770,15,9/12/2016,9/26/2016,27,High School or Below,male
181,213,213,PAIDOFF,2822,30,9/12/2016,10/11/2016,27,High School or Below,male
197,230,230,PAIDOFF,1842,15,9/12/2016,10/26/2016,27,college,male
256,296,296,PAIDOFF,2099,15,9/14/2016,9/28/2016,27,college,male
262,303,303,COLLECTION,2173,15,9/9/2016,9/23/2016,27,college,male
267,312,312,COLLECTION,2553,30,9/10/2016,10/9/2016,27,High School or Below,male
280,327,327,COLLECTION,2067,30,9/11/2016,11/9/2016,27,college,male
289,338,338,COLLECTION,2262,15,9/11/2016,9/25/2016,27,college,female
296,345,345,COLLECTION,2637,30,9/11/2016,10/10/2016,27,High School or Below,male
314,365,365,COLLECTION,2873,30,9/11/2016,10/10/2016,27,High School or Below,female
3,4,4,PAIDOFF,2783,30,9/9/2016,10/8/2016,28,college,female
6,8,8,PAIDOFF,2042,30,9/9/2016,10/8/2016,28,college,male
54,65,65,PAIDOFF,1654,15,9/11/2016,9/25/2016,28,college,male
55,66,66,PAIDOFF,2860,30,9/11/2016,10/10/2016,28,Bechalor,male
66,80,80,PAIDOFF,1623,30,9/11/2016,10/10/2016,28,High School or Below,male
87,108,108,PAIDOFF,2372,30,9/11/2016,10/10/2016,28,college,male
93,114,114,PAIDOFF,2968,30,9/11/2016,10/10/2016,28,college,male
105,126,126,PAIDOFF,1983,15,9/11/2016,9/25/2016,28,High School or Below,male
119,140,140,PAIDOFF,2284,30,9/11/2016,10/10/2016,28,High School or Below,male
133,158,158,PAIDOFF,2181,15,9/12/2016,9/26/2016,28,college,female
137,162,162,PAIDOFF,2685,30,9/12/2016,10/11/2016,28,High School or Below,male
141,166,166,PAIDOFF,2009,30,9/12/2016,10/11/2016,28,college,male
159,188,188,PAIDOFF,2708,15,9/12/2016,9/26/2016,28,college,male
219,256,256,PAIDOFF,1684,15,9/13/2016,9/27/2016,28,college,male
234,272,272,PAIDOFF,930,30,9/14/2016,11/12/2016,28,college,male
243,281,281,PAIDOFF,2075,15,9/14/2016,9/28/2016,28,Bechalor,male
250,289,289,PAIDOFF,2557,15,9/14/2016,9/28/2016,28,High School or Below,male
259,299,299,PAIDOFF,2379,30,9/14/2016,10/13/2016,28,college,male
264,306,306,COLLECTION,2597,15,9/10/2016,10/9/2016,28,college,male
274,321,321,COLLECTION,2734,30,9/10/2016,10/9/2016,28,High School or Below,male
278,325,325,COLLECTION,941,30,9/11/2016,10/10/2016,28,Bechalor,male
308,359,359,COLLECTION,2836,30,9/11/2016,10/10/2016,28,High School or Below,male
316,367,367,COLLECTION,2790,15,9/11/2016,9/25/2016,28,Bechalor,male
344,398,398,COLLECTION,1605,30,9/12/2016,11/10/2016,28,college,male
4,6,6,PAIDOFF,1676,30,9/9/2016,10/8/2016,29,college,male
8,10,10,PAIDOFF,2027,7,9/10/2016,9/16/2016,29,college,male
21,25,25,PAIDOFF,2515,30,9/10/2016,10/9/2016,29,High School or Below,male
58,70,70,PAIDOFF,2475,15,9/11/2016,9/25/2016,29,college,male
59,71,71,PAIDOFF,2322,15,9/11/2016,9/25/2016,29,High School or Below,male
68,82,82,PAIDOFF,2455,15,9/11/2016,9/25/2016,29,college,male
88,109,109,PAIDOFF,2646,7,9/11/2016,9/24/2016,29,college,male
89,110,110,PAIDOFF,1851,15,9/11/2016,9/25/2016,29,college,male
132,157,157,PAIDOFF,1787,15,9/12/2016,9/26/2016,29,High School or Below,male
144,171,171,PAIDOFF,1665,30,9/12/2016,10/11/2016,29,college,male
153,181,181,PAIDOFF,2877,7,9/12/2016,9/18/2016,29,High School or Below,male
168,198,198,PAIDOFF,2013,30,9/12/2016,10/11/2016,29,High School or Below,male
183,215,215,PAIDOFF,1857,30,9/12/2016,11/10/2016,29,college,female
187,219,219,PAIDOFF,1865,30,9/12/2016,10/11/2016,29,High School or Below,male
204,238,238,PAIDOFF,1535,15,9/12/2016,10/11/2016,29,college,male
206,241,241,PAIDOFF,2326,15,9/12/2016,9/26/2016,29,High School or Below,female
224,261,261,PAIDOFF,2541,15,9/13/2016,9/27/2016,29,High School or Below,male
232,270,270,PAIDOFF,1622,30,9/14/2016,10/13/2016,29,High School or Below,male
248,286,286,PAIDOFF,1691,30,9/14/2016,10/13/2016,29,college,male
253,292,292,PAIDOFF,1705,30,9/14/2016,10/13/2016,29,college,male
257,297,297,PAIDOFF,1584,30,9/14/2016,10/13/2016,29,High School or Below,male
260,300,300,COLLECTION,2323,15,9/9/2016,9/23/2016,29,college,male
270,317,317,COLLECTION,1161,15,9/10/2016,9/24/2016,29,High School or Below,male
310,361,361,COLLECTION,2583,15,9/11/2016,9/25/2016,29,High School or Below,male
321,374,374,COLLECTION,2557,30,9/11/2016,10/10/2016,29,college,male
331,384,384,COLLECTION,948,30,9/11/2016,10/10/2016,29,High School or Below,male
339,392,392,COLLECTION,2220,30,9/11/2016,10/10/2016,29,college,female
34,41,41,PAIDOFF,2309,15,9/11/2016,9/25/2016,30,college,male
36,43,43,PAIDOFF,2376,15,9/11/2016,9/25/2016,30,college,male
63,75,75,PAIDOFF,1815,30,9/11/2016,10/10/2016,30,High School or Below,male
82,102,102,PAIDOFF,1850,30,9/11/2016,10/10/2016,30,college,male
114,135,135,PAIDOFF,1916,30,9/11/2016,10/10/2016,30,High School or Below,male
122,144,144,PAIDOFF,1776,30,9/11/2016,10/10/2016,30,High School or Below,male
129,153,153,PAIDOFF,2868,15,9/12/2016,9/26/2016,30,college,male
150,177,177,PAIDOFF,1813,30,9/12/2016,10/11/2016,30,college,male
155,183,183,PAIDOFF,1900,15,9/12/2016,9/26/2016,30,High School or Below,male
162,191,191,PAIDOFF,2316,30,9/12/2016,10/11/2016,30,High School or Below,male
169,200,200,PAIDOFF,1786,15,9/12/2016,9/26/2016,30,college,male
179,211,211,PAIDOFF,1709,30,9/12/2016,10/11/2016,30,High School or Below,male
190,223,223,PAIDOFF,1710,15,9/12/2016,9/26/2016,30,High School or Below,male
202,235,235,PAIDOFF,1846,30,9/12/2016,10/11/2016,30,High School or Below,male
208,243,243,PAIDOFF,2247,15,9/12/2016,9/26/2016,30,High School or Below,female
226,263,263,PAIDOFF,2174,15,9/13/2016,9/27/2016,30,High School or Below,male
236,274,274,PAIDOFF,1958,30,9/14/2016,10/13/2016,30,Bechalor,male
244,282,282,PAIDOFF,1731,30,9/14/2016,10/13/2016,30,college,male
245,283,283,PAIDOFF,2112,30,9/14/2016,10/13/2016,30,High School or Below,male
251,290,290,PAIDOFF,2578,15,9/14/2016,9/28/2016,30,college,female
269,316,316,COLLECTION,2221,30,9/10/2016,10/9/2016,30,High School or Below,male
284,333,333,COLLECTION,2509,30,9/11/2016,10/10/2016,30,High School or Below,female
291,340,340,COLLECTION,1919,30,9/11/2016,10/10/2016,30,High School or Below,female
323,376,376,COLLECTION,2091,15,9/11/2016,9/25/2016,30,college,male
325,378,378,COLLECTION,2674,30,9/11/2016,10/10/2016,30,college,male
329,382,382,COLLECTION,1130,15,9/11/2016,9/25/2016,30,Bechalor,male
337,390,390,COLLECTION,2353,15,9/11/2016,9/25/2016,30,college,male
24,28,28,PAIDOFF,2484,30,9/11/2016,10/10/2016,31,college,male
35,42,42,PAIDOFF,1750,7,9/11/2016,9/24/2016,31,Bechalor,male
80,99,99,PAIDOFF,2003,30,9/11/2016,10/10/2016,31,Bechalor,female
85,106,106,PAIDOFF,1683,30,9/11/2016,10/10/2016,31,High School or Below,male
86,107,107,PAIDOFF,2737,30,9/11/2016,10/10/2016,31,High School or Below,male
123,145,145,PAIDOFF,2856,15,9/11/2016,9/25/2016,31,college,male
136,161,161,PAIDOFF,729,15,9/12/2016,9/26/2016,31,Bechalor,male
152,180,180,PAIDOFF,1909,15,9/12/2016,9/26/2016,31,High School or Below,female
157,185,185,PAIDOFF,2198,30,9/12/2016,10/11/2016,31,High School or Below,female
185,217,217,PAIDOFF,2382,15,9/12/2016,9/26/2016,31,High School or Below,female
186,218,218,PAIDOFF,930,15,9/12/2016,9/26/2016,31,High School or Below,male
209,244,244,PAIDOFF,2281,7,9/13/2016,9/19/2016,31,college,male
218,255,255,PAIDOFF,2105,30,9/13/2016,10/12/2016,31,college,male
228,266,266,PAIDOFF,1691,15,9/13/2016,9/27/2016,31,Bechalor,female
239,277,277,PAIDOFF,2628,30,9/14/2016,10/13/2016,31,college,male
241,279,279,PAIDOFF,2831,30,9/14/2016,10/13/2016,31,college,male
282,330,330,COLLECTION,1721,15,9/11/2016,10/25/2016,31,college,male
287,336,336,COLLECTION,2217,30,9/11/2016,10/10/2016,31,college,male
297,346,346,COLLECTION,1624,30,9/11/2016,11/9/2016,31,High School or Below,male
15,17,17,PAIDOFF,1573,15,9/10/2016,9/24/2016,32,High School or Below,male
16,18,18,PAIDOFF,2950,30,9/10/2016,10/9/2016,32,High School or Below,male
33,40,40,PAIDOFF,1889,15,9/11/2016,9/25/2016,32,college,female
40,47,47,PAIDOFF,2493,30,9/11/2016,10/10/2016,32,college,male
115,136,136,PAIDOFF,2605,15,9/11/2016,9/25/2016,32,High School or Below,female
161,190,190,PAIDOFF,2020,30,9/12/2016,10/11/2016,32,college,male
205,240,240,PAIDOFF,1938,30,9/12/2016,10/11/2016,32,High School or Below,male
217,254,254,PAIDOFF,2795,30,9/13/2016,10/12/2016,32,college,male
233,271,271,PAIDOFF,2416,30,9/14/2016,10/13/2016,32,college,female
276,323,323,COLLECTION,1900,15,9/10/2016,9/24/2016,32,college,male
307,358,358,COLLECTION,2087,30,9/11/2016,10/10/2016,32,college,male
326,379,379,COLLECTION,2725,30,9/11/2016,10/10/2016,32,college,male
336,389,389,COLLECTION,2323,15,9/11/2016,10/25/2016,32,High School or Below,male
341,394,394,COLLECTION,1648,15,9/11/2016,9/25/2016,32,High School or Below,male
1,2,2,PAIDOFF,1879,30,9/8/2016,10/7/2016,33,Bechalor,female
25,29,29,PAIDOFF,2289,30,9/11/2016,10/10/2016,33,college,male
26,30,30,PAIDOFF,2854,15,9/11/2016,9/25/2016,33,High School or Below,male
30,34,34,PAIDOFF,1824,15,9/11/2016,9/25/2016,33,college,male
60,72,72,PAIDOFF,1510,30,9/11/2016,10/10/2016,33,Bechalor,female
69,83,83,PAIDOFF,2910,15,9/11/2016,9/25/2016,33,college,male
76,94,94,PAIDOFF,2367,30,9/11/2016,10/10/2016,33,High School or Below,male
92,113,113,PAIDOFF,2448,30,9/11/2016,10/10/2016,33,college,male
103,124,124,PAIDOFF,1569,30,9/11/2016,10/10/2016,33,college,male
112,133,133,PAIDOFF,2816,30,9/11/2016,10/10/2016,33,college,female
121,143,143,PAIDOFF,2843,15,9/11/2016,9/25/2016,33,college,female
180,212,212,PAIDOFF,2742,30,9/12/2016,10/11/2016,33,High School or Below,female
191,224,224,PAIDOFF,2763,30,9/12/2016,10/11/2016,33,Bechalor,male
201,234,234,PAIDOFF,2765,15,9/12/2016,9/26/2016,33,High School or Below,male
266,308,308,COLLECTION,2319,30,9/10/2016,10/9/2016,33,college,male
315,366,366,COLLECTION,2172,30,9/11/2016,10/10/2016,33,High School or Below,male
324,377,377,COLLECTION,2323,30,9/11/2016,10/10/2016,33,college,male
23,27,27,PAIDOFF,919,15,9/10/2016,9/24/2016,34,Bechalor,male
44,53,53,PAIDOFF,1791,30,9/11/2016,10/10/2016,34,High School or Below,male
51,60,60,PAIDOFF,880,30,9/11/2016,10/10/2016,34,Bechalor,male
52,62,62,PAIDOFF,2687,30,9/11/2016,10/10/2016,34,High School or Below,male
61,73,73,PAIDOFF,1527,15,9/11/2016,9/25/2016,34,college,male
73,90,90,PAIDOFF,1692,15,9/11/2016,9/25/2016,34,college,female
78,97,97,PAIDOFF,1879,30,9/11/2016,10/10/2016,34,college,male
99,120,120,PAIDOFF,2241,30,9/11/2016,10/10/2016,34,college,male
107,128,128,PAIDOFF,2471,15,9/11/2016,9/25/2016,34,Bechalor,male
130,154,154,PAIDOFF,2432,30,9/12/2016,10/11/2016,34,college,male
158,187,187,PAIDOFF,2540,15,9/12/2016,9/26/2016,34,High School or Below,male
198,231,231,PAIDOFF,2692,7,9/12/2016,9/25/2016,34,college,female
212,247,247,PAIDOFF,2483,15,9/13/2016,9/27/2016,34,High School or Below,male
227,265,265,PAIDOFF,2612,15,9/13/2016,9/27/2016,34,Bechalor,female
247,285,285,PAIDOFF,2603,30,9/14/2016,11/12/2016,34,Bechalor,male
249,288,288,PAIDOFF,1706,30,9/14/2016,10/13/2016,34,Bechalor,male
277,324,324,COLLECTION,1463,15,9/10/2016,9/24/2016,34,college,male
286,335,335,COLLECTION,2612,30,9/11/2016,10/10/2016,34,High School or Below,male
304,355,355,COLLECTION,2369,15,9/11/2016,10/10/2016,34,college,male
309,360,360,COLLECTION,1674,30,9/11/2016,10/10/2016,34,college,male
38,45,45,PAIDOFF,1662,7,9/11/2016,9/17/2016,35,High School or Below,male
42,51,51,PAIDOFF,2538,30,9/11/2016,10/10/2016,35,Bechalor,female
43,52,52,PAIDOFF,2279,15,9/11/2016,9/25/2016,35,Bechalor,female
64,77,77,PAIDOFF,2710,30,9/11/2016,10/10/2016,35,college,male
84,104,104,PAIDOFF,2743,15,9/11/2016,9/25/2016,35,college,male
97,118,118,PAIDOFF,1627,30,9/11/2016,10/10/2016,35,Bechalor,male
120,141,141,PAIDOFF,1402,15,9/11/2016,9/25/2016,35,college,male
126,149,149,PAIDOFF,1679,15,9/12/2016,9/26/2016,35,Bechalor,male
142,168,168,PAIDOFF,2968,15,9/12/2016,9/26/2016,35,High School or Below,male
145,172,172,PAIDOFF,1583,15,9/12/2016,9/26/2016,35,High School or Below,male
154,182,182,PAIDOFF,2891,30,9/12/2016,10/11/2016,35,High School or Below,male
182,214,214,PAIDOFF,2388,30,9/12/2016,10/11/2016,35,High School or Below,male
188,220,220,PAIDOFF,1822,15,9/12/2016,9/26/2016,35,college,male
213,248,248,PAIDOFF,1731,30,9/13/2016,10/12/2016,35,High School or Below,male
214,249,249,PAIDOFF,2610,15,9/13/2016,9/27/2016,35,Bechalor,female
235,273,273,PAIDOFF,1506,30,9/14/2016,10/13/2016,35,High School or Below,male
279,326,326,COLLECTION,2964,15,9/11/2016,9/25/2016,35,Bechalor,male
301,352,352,COLLECTION,2424,30,9/11/2016,10/10/2016,35,Bechalor,male
328,381,381,COLLECTION,2843,15,9/11/2016,9/25/2016,35,Bechalor,male
338,391,391,COLLECTION,2115,15,9/11/2016,9/25/2016,35,Bechalor,male
5,7,7,PAIDOFF,1523,30,9/9/2016,10/8/2016,36,college,male
77,95,95,PAIDOFF,1522,30,9/11/2016,10/10/2016,36,college,male
131,155,155,PAIDOFF,1752,30,9/12/2016,10/11/2016,36,college,female
200,233,233,PAIDOFF,2062,30,9/12/2016,10/11/2016,36,college,male
203,237,237,PAIDOFF,876,15,9/12/2016,9/26/2016,36,college,male
207,242,242,PAIDOFF,2552,15,9/12/2016,9/26/2016,36,college,male
240,278,278,PAIDOFF,600,15,9/14/2016,9/28/2016,36,college,male
255,294,294,PAIDOFF,1601,30,9/14/2016,10/13/2016,36,Bechalor,male
334,387,387,COLLECTION,2452,30,9/11/2016,10/10/2016,36,Bechalor,male
27,31,31,PAIDOFF,865,30,9/11/2016,10/10/2016,37,college,male
29,33,33,PAIDOFF,1413,30,9/11/2016,10/10/2016,37,college,male
56,67,67,PAIDOFF,1450,30,9/11/2016,10/10/2016,37,High School or Below,male
194,227,227,PAIDOFF,983,15,9/12/2016,9/26/2016,37,Bechalor,male
199,232,232,PAIDOFF,1480,30,9/12/2016,10/11/2016,37,college,male
220,257,257,PAIDOFF,1086,15,9/13/2016,9/27/2016,37,college,female
238,276,276,PAIDOFF,1031,15,9/14/2016,9/28/2016,37,college,male
254,293,293,PAIDOFF,1139,30,9/14/2016,10/13/2016,37,college,male
261,301,301,PAIDOFF,1198,30,9/9/2016,10/8/2016,37,college,male
275,322,322,PAIDOFF,2051,30,9/10/2016,10/9/2016,37,college,male
303,354,354,COLLECTION,1582,30,9/11/2016,10/10/2016,37,college,male
74,92,92,PAIDOFF,1041,15,9/11/2016,9/25/2016,38,college,male
81,101,101,PAIDOFF,875,15,9/11/2016,9/25/2016,38,college,male
108,129,129,PAIDOFF,706,30,9/11/2016,10/10/2016,38,Bechalor,male
143,170,170,PAIDOFF,1360,15,9/12/2016,9/26/2016,38,Bechalor,male
149,176,176,PAIDOFF,2025,30,9/12/2016,10/11/2016,38,Bechalor,male
215,250,250,PAIDOFF,1344,15,9/13/2016,9/27/2016,38,college,male
285,334,334,COLLECTION,1297,30,9/11/2016,10/10/2016,38,college,female
295,344,344,COLLECTION,1031,15,9/11/2016,9/25/2016,38,Bechalor,male
335,388,388,COLLECTION,3008,15,9/11/2016,9/25/2016,38,Bechalor,male
9,11,11,PAIDOFF,886,15,9/10/2016,10/9/2016,39,High School or Below,male
22,26,26,PAIDOFF,705,15,9/10/2016,9/24/2016,39,Bechalor,male
50,59,59,PAIDOFF,1300,15,9/11/2016,9/25/2016,39,Master or Above,male
147,174,174,PAIDOFF,1403,15,9/12/2016,9/26/2016,39,college,male
177,209,209,PAIDOFF,775,30,9/12/2016,10/11/2016,39,college,male
189,221,221,PAIDOFF,1063,30,9/12/2016,10/11/2016,39,college,male
290,339,339,PAIDOFF,895,15,9/11/2016,9/25/2016,39,college,male
343,397,397,PAIDOFF,1179,15,9/12/2016,9/26/2016,39,college,male
14,16,16,PAIDOFF,3002,30,9/10/2016,10/9/2016,40,college,male
95,116,116,PAIDOFF,1016,30,9/11/2016,10/10/2016,40,college,male
167,197,197,PAIDOFF,1020,15,9/12/2016,9/26/2016,40,college,male
231,269,269,PAIDOFF,944,30,9/14/2016,10/13/2016,40,college,female
258,298,298,PAIDOFF,1280,30,9/14/2016,10/13/2016,40,Master or Above,male
265,307,307,COLLECTION,738,30,9/10/2016,10/9/2016,40,Master or Above,male
298,347,347,COLLECTION,2339,15,9/11/2016,9/25/2016,40,college,male
320,373,373,COLLECTION,1466,15,9/11/2016,9/25/2016,40,college,male
252,291,291,PAIDOFF,1340,30,9/14/2016,10/13/2016,41,college,male
302,353,353,PAIDOFF,1012,30,9/11/2016,10/10/2016,41,college,male
160,189,189,PAIDOFF,1444,15,9/12/2016,9/26/2016,42,college,male
230,268,268,PAIDOFF,2304,30,9/14/2016,10/13/2016,42,college,male
242,280,280,PAIDOFF,988,15,9/14/2016,9/28/2016,42,college,male
57,69,69,PAIDOFF,1422,30,9/11/2016,10/10/2016,43,Bechalor,male
106,127,127,PAIDOFF,1061,15,9/11/2016,9/25/2016,43,Bechalor,male
110,131,131,PAIDOFF,1172,15,9/11/2016,9/25/2016,43,Master or Above,male
49,58,58,PAIDOFF,1433,15,9/11/2016,9/25/2016,44,High School or Below,female
65,79,79,PAIDOFF,1026,30,9/11/2016,10/10/2016,44,Master or Above,female
237,275,275,PAIDOFF,1424,15,9/14/2016,9/28/2016,44,college,male
281,329,329,PAIDOFF,1087,30,9/11/2016,10/10/2016,44,Bechalor,male
0,0,0,PAIDOFF,889,30,9/8/2016,10/7/2016,45,Master or Above,male
53,63,63,PAIDOFF,954,30,9/11/2016,10/10/2016,45,college,male
83,103,103,PAIDOFF,3280,15,9/11/2016,9/25/2016,45,college,male
305,356,356,PAIDOFF,1064,30,9/11/2016,10/10/2016,45,college,male
72,89,89,PAIDOFF,789,15,9/11/2016,9/25/2016,46,college,female
333,386,386,PAIDOFF,1422,15,9/11/2016,9/25/2016,46,college,male
117,138,138,PAIDOFF,787,15,9/11/2016,9/25/2016,47,college,male
41,49,49,PAIDOFF,2041,15,9/11/2016,9/25/2016,50,college,male
184,216,216,PAIDOFF,1377,15,9/12/2016,9/26/2016,50,college,male
293,342,342,PAIDOFF,1381,15,9/11/2016,9/25/2016,50,Master or Above,male
223,260,260,PAIDOFF,937,15,9/13/2016,9/27/2016,51,college,male
